<?xml version="1.0" encoding="UTF-8" standalone="yes"?>
<services>
    <cloudstreamsCollectionKeys serviceName="WmCloudStreams.RestVS">
        <servicesKeys>
            <keyDetails collectionKey="wmmessagebirdTests.getBalance:getBalance" connectorServiceName="wmmessagebirdTests.getBalance:getBalance"/>
            <keyDetails collectionKey="wmmessagebirdTests.sendSMS:sendSMS" connectorServiceName="wmmessagebirdTests.sendSMS:sendSMS"/>
            <keyDetails collectionKey="wmmessagebirdTests.sendVoicemessage:sendVoicemessage" connectorServiceName="wmmessagebirdTests.sendVoicemessage:sendVoicemessage"/>
            <keyDetails collectionKey="wmmessagebirdTests.viewSMS:viewSMS" connectorServiceName="wmmessagebirdTests.viewSMS:viewSMS"/>
            <keyDetails collectionKey="wmmessagebirdTests.viewVoicemessage:viewVoicemessage" connectorServiceName="wmmessagebirdTests.viewVoicemessage:viewVoicemessage"/>
        </servicesKeys>
    </cloudstreamsCollectionKeys>
</services>
